n,distance
1,582.673464052487
2,585.476924850975
3,587.86915924806
4,587.869678519589
5,588.350620206642
6,589.258986829464
7,593.707782684924
8,594.023454786223
9,594.377522678825
10,596.052676121001
11,597.785492423208
12,598.142665935029
13,598.716516401847
14,599.142062982662
15,599.70147804809
16,600.40698074394
17,600.657026176348
18,601.927652092632
19,602.377413080985
20,602.805782364748
21,603.520403383593
22,603.618049204936
23,604.10476483036
24,604.738810520772
25,604.745691548038
26,605.056551683702
27,605.153373797334
28,605.267533549709
29,605.704106735151
30,606.241366533145
31,606.404523539976
32,606.528868891162
33,606.62039527402
34,606.89929350437
35,607.164355585821
36,607.361329891324
37,607.765074834109
38,608.369395560175
39,608.680699417393
40,608.774693040873
41,608.805249020472
42,608.92128397884
43,608.97647430291
44,609.42946757301
45,609.514594020935
46,609.750020291792
47,609.789009186633
48,609.941815130809
49,610.052927179416
50,610.116985913163
51,610.135511488194
52,610.303768403547
53,610.372173861133
54,610.458654979074
55,610.526200966483
56,610.536893863283
57,610.583720212652
58,610.847685700594
59,610.919763090541
60,610.943148711319
61,611.294214520211
62,611.668273655623
63,611.785784244083
64,611.917067066268
65,612.036648024953
66,612.048047017249
67,612.284591342842
68,612.4493161865
69,612.528654215229
70,612.884422411789
71,613.274373626545
72,613.374261532299
73,613.620271610892
74,613.694226150226
75,613.840470616276
76,613.862144144832
77,613.906046574455
78,613.963443749133
79,614.49361580983
80,614.854732221823
81,615.091530210628
82,615.167913443842
83,615.168791827094
84,615.271497896379
85,615.41151135699
86,615.487344169822
87,615.527500085676
88,615.543188054898
89,615.550782981606
90,615.608140321109
91,615.701679063981
92,615.73482975632
93,615.84752469902
94,615.879873124371
95,615.928554486016
96,615.932570815075
97,616.082999255235
98,616.099255358166
99,616.119979133049
100,616.541698746621
101,616.723290683586
102,616.73348917907
103,616.756342376264
104,616.879712378573
105,617.031754925236
106,617.12878379064
107,617.233907917379
108,617.273089061745
109,617.387474828986
110,617.440182878208
111,617.496761060853
112,617.51164703204
113,617.512048960824
114,617.705495654344
115,617.819187917334
116,617.850377421683
117,617.909493868415
118,618.010200052141
119,618.068390065914
120,618.096230052902
121,618.116314828565
122,618.172904516534
123,618.182779686073
124,618.435977157532
125,618.457237529399
126,618.469881027311
127,618.533285630591
128,618.571967742497
129,618.612673001591
130,618.633824730324
131,618.678979890472
132,618.739226295927
133,618.788905986477
134,618.825778709497
135,618.872646244871
136,618.873133662761
137,618.903629629794
138,618.927543958622
139,619.06693552718
140,619.078419648156
141,619.217856678205
142,619.3083649434
143,619.421777084088
144,619.437418193773
145,619.472071984652
146,619.60036506439
147,619.60268177847
148,619.628322232718
149,619.641064517765
150,619.660855537263
151,619.699030421183
152,619.738682175174
153,619.896933301324
154,619.998245414516
155,620.048039196248
156,620.072807711089
157,620.081655190049
158,620.159026217775
159,620.172340929637
160,620.348833839151
161,620.462253540432
162,620.462891179181
163,620.53320587346
164,620.556911231068
165,620.566856680306
166,620.579633945689
167,620.694950815986
168,620.755251819659
169,621.126386515188
170,621.150962761554
171,621.156111620516
172,621.302461082261
173,621.303409342509
174,621.309881129823
175,621.411649175623
176,621.451550241566
177,621.550805830036
178,621.59704289887
179,621.619525123019
180,621.627713146277
181,621.644780784068
182,621.79324599548
183,621.793735449913
184,621.976862532674
185,622.018483682478
186,622.254539241075
187,622.361091861479
188,622.418137843545
189,622.421994303748
190,622.450645068431
191,622.451169083561
192,622.497528558998
193,622.527712501769
194,622.529116569259
195,622.569588507918
196,622.582933321355
197,622.629785359729
198,622.686575368673
199,622.697403097577
200,622.727678967976
201,622.796930934138
202,622.888913399813
203,622.903868801418
204,622.919843301091
205,623.000527011692
206,623.013476401762
207,623.033030862303
208,623.158283613338
209,623.192600883216
210,623.205372252549
211,623.225383464805
212,623.22718526074
213,623.235059003398
214,623.318288161946
215,623.357152463786
216,623.392811452124
217,623.403982947274
218,623.477339683135
219,623.532954994461
220,623.587330964816
221,623.630475751587
222,623.65520929788
223,623.667294467359
224,623.743270400211
225,623.752276781091
226,623.807109355894
227,623.845911362165
228,623.956028676444
229,623.958667264142
230,623.97683817397
231,624.064752430577
232,624.212512919429
233,624.302662275805
234,624.310516538249
235,624.339549077747
236,624.369745874014
237,624.387955924462
238,624.50754954139
239,624.572487762927
240,624.612417694288
241,624.78234017733
242,624.79498479014
243,624.906820374722
244,624.914798290214
245,624.924677097024
246,624.934460687887
247,624.979651520779
248,624.986671313781
249,625.214321670433
250,625.267069356098
251,625.273726143281
252,625.298442154481
253,625.36787514325
254,625.378120146214
255,625.429457919709
256,625.452703671091
257,625.457615884229
258,625.465165824783
259,625.477050732769
260,625.489895102135
261,625.606681486618
262,625.70661799329
263,625.735939222333
264,625.742778572882
265,625.752474134491
266,625.783703615786
267,625.819465957764
268,625.824191878695
269,625.912276050631
270,625.94048441142
271,625.975074005963
272,626.048053041803
273,626.051288053716
274,626.093148734691
275,626.104853652027
276,626.108914241283
277,626.116329056851
278,626.16692140911
279,626.181546641284
280,626.195457881021
281,626.199185121086
282,626.230956382735
283,626.240029841481
284,626.277223888202
285,626.303667860339
286,626.328653959719
287,626.337593691664
288,626.363326703714
289,626.368738873707
290,626.377315383361
291,626.38903674934
292,626.404509834963
293,626.416068909204
294,626.4316508675
295,626.470315673707
296,626.492493503218
297,626.514266731291
298,626.514318986269
299,626.546460847936
300,626.665476991707
301,626.691020879764
302,626.788500106029
303,626.848481691271
304,626.884348571779
305,626.94689276948
306,627.078250444581
307,627.083851611659
308,627.1020297169
309,627.136733548603
310,627.17282346012
311,627.199403403779
312,627.30736006463
313,627.326884749767
314,627.365151819175
315,627.38432016865
316,627.384753675331
317,627.407940867075
318,627.418294040937
319,627.500013822882
320,627.5220762574
321,627.544965655534
322,627.588523469627
323,627.59694114958
324,627.601152313285
325,627.634037414675
326,627.683112376186
327,627.692959929775
328,627.710821111911
329,627.746104699693
330,627.891001856777
331,627.901914488472
332,627.909161240379
333,627.949804697622
334,628.027511649554
335,628.027778460684
336,628.060448079893
337,628.061914926688
338,628.069288234635
339,628.073814759467
340,628.076004151553
341,628.136020486555
342,628.246320362793
343,628.298194523414
344,628.370023899219
345,628.39855954376
346,628.412651517361
347,628.437856982206
348,628.463671466787
349,628.512449549465
350,628.54961487545
351,628.576523827105
352,628.585638209142
353,628.619444208866
354,628.628373020185
355,628.651762883714
356,628.785741246828
357,628.786634228609
358,628.794834131334
359,628.858333742743
360,628.889988101528
361,628.908092206269
362,628.945158149295
363,629.000173250063
364,629.010754036776
365,629.057784239628
366,629.065465357136
367,629.083941997261
368,629.107631594357
369,629.119105378162
370,629.140138304502
371,629.166550709575
372,629.220291409577
373,629.329497221196
374,629.349528351474
375,629.350141588041
376,629.362625664108
377,629.464074245414
378,629.480934677811
379,629.484372633311
380,629.505515061388
381,629.529435396397
382,629.534447759068
383,629.561047053459
384,629.563620015
385,629.564570486107
386,629.570464425817
387,629.618678451149
388,629.640085367189
389,629.703441790716
390,629.711259441238
391,629.722210281659
392,629.762559756774
393,629.76764913624
394,629.790282203106
395,629.857993999192
396,629.867480015934
397,629.880167843126
398,629.913108278873
399,630.025139642209
400,630.031983711631
401,630.051107925636
402,630.084578086467
403,630.117968360914
404,630.120097250208
405,630.131647091978
406,630.138189032691
407,630.138434262452
408,630.195714929749
409,630.23204829993
410,630.234962836043
411,630.325043267782
412,630.44848744553
413,630.534375850276
414,630.639645871064
415,630.652729410847
416,630.660786568752
417,630.683100208985
418,630.703415680234
419,630.742374681663
420,630.755895732
421,630.794507849485
422,630.867078214211
423,630.905364162283
424,630.912159553043
425,630.936530591872
426,630.950298631842
427,630.961733093913
428,631.031061860387
429,631.070370753066
430,631.131451411841
431,631.169988446923
432,631.170040625493
433,631.175776178784
434,631.24827093236
435,631.253702774353
436,631.306000127886
437,631.310834875705
438,631.312339739998
439,631.365202450567
440,631.373796528125
441,631.386001888961
442,631.442318598257
443,631.444516842272
444,631.492972891288
445,631.496858657207
446,631.545329017938
447,631.602464789998
448,631.603941525622
449,631.606160434896
450,631.64590377114
451,631.673197493985
452,631.686629339712
453,631.688543773972
454,631.765925334327
455,631.80440300624
456,631.80440300624
457,631.820753192832
458,631.861310759767
459,631.89286646197
460,631.901123613504
461,631.908337758543
462,631.95073069631
463,632.039924255091
464,632.041360946098
465,632.078706712141
466,632.126115461868
467,632.156516609372
468,632.167177158837
469,632.167798815913
470,632.16993963859
471,632.197156436622
472,632.214971173096
473,632.271557850734
474,632.281573043725
475,632.318434726752
476,632.338410996114
477,632.351970604613
478,632.367876786792
479,632.375132179699
480,632.413687650629
481,632.439064177295
482,632.456135236097
483,632.478882602717
484,632.692375003734
485,632.707642656469
486,632.709497817163
487,632.724864032895
488,632.764243948374
489,632.778553608358
490,632.82704339604
491,632.838655032655
492,632.84202799737
493,632.843502607695
494,632.847840332219
495,632.879548439433
496,632.898840863869
497,632.918066832006
498,632.970091163039
499,632.984370410057
500,633.021786341712
501,633.055503600037
502,633.074746099436
503,633.114293197017
504,633.207121346873
505,633.218175933078
506,633.220005167401
507,633.236589268019
508,633.305768063795
509,633.329436961245
510,633.336091298969
511,633.398348495833
512,633.402944031947
513,633.45172330645
514,633.530820497128
515,633.541860408334
516,633.592096001627
517,633.631077858727
518,633.632281685304
519,633.670220621024
520,633.672275066411
521,633.68042824394
522,633.693157213743
523,633.706822620775
524,633.726385673011
525,633.791410676406
526,633.801144506342
527,633.80761032069
528,633.86780561505
529,633.871095040887
530,633.889029604675
531,633.893900786183
532,633.907759010213
533,633.911793695825
534,633.933673268706
535,633.94270055386
536,633.964872879742
537,633.980234846046
538,633.981954619058
539,634.026117296805
540,634.056791190805
541,634.064105138492
542,634.068112622828
543,634.07673053519
544,634.086071689661
545,634.125856109197
546,634.134160072466
547,634.136900758057
548,634.263545525021
549,634.267649237054
550,634.300703205367
551,634.381374425186
552,634.38616324839
553,634.389354403328
554,634.442995145143
555,634.463843554878
556,634.471432102145
557,634.557825267306
558,634.569936446601
559,634.5745619923
560,634.585450178308
561,634.63016132926
562,634.643811553744
563,634.740201982079
564,634.746746338791
565,634.747836876912
566,634.847716774472
567,634.886692102697
568,634.916646854433
569,634.93473028306
570,634.948807579231
571,634.958021773844
572,634.97405994639
573,634.984008826382
574,634.998808344564
575,635.00768541182
576,635.033015426076
577,635.039660028698
578,635.074770803037
579,635.113427714615
580,635.120269896775
581,635.139290166687
582,635.167205363163
583,635.175471502412
584,635.175471502412
585,635.207718616344
586,635.215073859581
587,635.302956954326
588,635.303308177359
589,635.310042283099
590,635.342693655018
591,635.373540686431
592,635.382953392866
593,635.386537635815
594,635.45437067705
595,635.49380580674
596,635.504770174631
597,635.57827715261
598,635.579934821327
599,635.582019698818
600,635.58238692829
601,635.635445821035
602,635.655738959298
603,635.697580375577
604,635.750332498224
605,635.755849982625
606,635.769913869109
607,635.802626426808
608,635.808516919638
609,635.823506919881
610,635.824372872453
611,635.834024895481
612,635.844341971664
613,635.846833390373
614,635.859013465342
615,635.906676926291
616,635.913362629462
617,635.962131390374
618,635.974713273031
619,635.977789843217
620,635.978546821351
621,636.007797780966
622,636.008044436054
623,636.050380138863
624,636.060845624239
625,636.169813667045
626,636.171323595614
627,636.242702506973
628,636.267304491094
629,636.292832566446
630,636.312665625369
631,636.316721867096
632,636.32635472427
633,636.402334559993
634,636.414166896192
635,636.472890145508
636,636.515075953946
637,636.55203014715
638,636.558505309865
639,636.608322666699
640,636.613982635146
641,636.63958754016
642,636.655968504849
643,636.749272945324
644,636.780872578783
645,636.803818851925
646,636.852388480233
647,636.88779087773
648,636.89298283442
649,636.916160731505
650,636.928740739221
651,637.006930680784
652,637.014067630608
653,637.030043813836
654,637.052364445826
655,637.069932291567
656,637.076899178981
657,637.085997370424
658,637.090627768015
659,637.092236376035
660,637.096767357624
661,637.1093900964
662,637.123307044462
663,637.139601019788
664,637.195871928744
665,637.206250393559
666,637.228585207707
667,637.246289171934
668,637.256958278257
669,637.311324837242
670,637.323281131557
671,637.40540271636
672,637.409520486177
673,637.411302782835
674,637.468285914273
675,637.518991490645
676,637.554283948503
677,637.56863659027
678,637.593103982864
679,637.597159542076
680,637.637121426556
681,637.644808831158
682,637.647965667292
683,637.649771814571
684,637.661437301657
685,637.669013509891
686,637.700461480184
687,637.701841332376
688,637.708362463867
689,637.732157187122
690,637.763127239987
691,637.782258934027
692,637.807275665008
693,637.816369666088
694,637.816758243714
695,637.839006302975
696,637.866549783803
697,637.87896047052
698,637.904134898229
699,637.908903716755
700,637.932249599246
701,637.934394910888
702,637.936048268379
703,637.936876459905
704,638.029079218321
705,638.041521222253
706,638.185341912317
707,638.188733101896
708,638.189478419473
709,638.195233772215
710,638.196281821383
711,638.248822819378
712,638.262611169326
713,638.269085396467
714,638.285160968228
715,638.306882647212
716,638.328277684975
717,638.33160675397
718,638.339410477582
719,638.341862466379
720,638.363821274714
721,638.375291074294
722,638.478791445274
723,638.510403453448
724,638.549022346665
725,638.759398241619
726,638.789653104857
727,638.790130277682
728,638.806579510038
729,638.846093588908
730,638.879678233084
731,638.919679570125
732,638.969800280895
733,638.97055754543
734,638.988215170058
735,639.002726678612
736,639.015291214611
737,639.023723318236
738,639.054368487158
739,639.08780820143
740,639.110396850819
741,639.116516054615
742,639.119478774149
743,639.122242566256
744,639.131172667224
745,639.131783237698
746,639.144415279463
747,639.185604437219
748,639.233473702805
749,639.260546329712
750,639.37811264626
751,639.384981239491
752,639.495569046586
753,639.513599772444
754,639.540686005649
755,639.600824327403
756,639.663843122099
757,639.729465407916
758,639.744884804129
759,639.755561473965
760,639.760503015169
761,639.810175488346
762,639.878247910229
763,639.905809541093
764,639.91779055403
765,639.929381635707
766,639.953367001835
767,640.006904598165
768,640.027303649578
769,640.113375458976
770,640.135370903169
771,640.163734571732
772,640.178784833901
773,640.181469024931
774,640.187162749888
775,640.224679703219
776,640.248092252876
777,640.25038504139
778,640.270511387236
779,640.277830802455
780,640.31772318285
781,640.335427008335
782,640.388825806374
783,640.412571688864
784,640.465481674686
785,640.536230201946
786,640.538623036964
787,640.593533612412
788,640.640875803132
789,640.653724918932
790,640.665929770675
791,640.673913371146
792,640.675593982847
793,640.685647977657
794,640.718050779488
795,640.725078183004
796,640.743558646902
797,640.784261031735
798,640.870151480741
799,640.927244625678
800,640.93002017492
801,640.933239899734
802,640.937384162438
803,640.948227737759
804,641.02419266931
805,641.043862377908
806,641.047594556574
807,641.05043677304
808,641.071260314576
809,641.08902259437
810,641.139418878953
811,641.144965853842
812,641.17011094135
813,641.221618081604
814,641.236125485276
815,641.258637488734
816,641.339304368038
817,641.373300333485
818,641.392856213052
819,641.42121526565
820,641.450818823631
821,641.457867757995
822,641.501104562214
823,641.555018085675
824,641.585320807976
825,641.588632446678
826,641.658643244651
827,641.660751394492
828,641.683772138429
829,641.695909920991
830,641.702498609313
831,641.715335552084
832,641.758930536886
833,641.760791576927
834,641.763136473318
835,641.778618997671
836,641.793708276557
837,641.815192003653
838,641.840170503605
839,641.870594423864
840,641.871774733674
841,641.913957319609
842,641.919661702173
843,641.92971271121
844,641.947217021553
845,641.97068686311
846,642.057157272471
847,642.128786720386
848,642.155759568571
849,642.163314188037
850,642.167369758176
851,642.216987123018
852,642.225230830115
853,642.229239057018
854,642.232515522416
855,642.235094772752
856,642.346279703929
857,642.389573687901
858,642.489715836054
859,642.516644677018
860,642.538298010598
861,642.591560002411
862,642.598495176773
863,642.602387443168
864,642.610852598262
865,642.623251597045
866,642.661780045656
867,642.69559858092
868,642.722818011804
869,642.761820269608
870,642.769501433086
871,642.78835904702
872,642.826079093167
873,642.867182460356
874,642.879585154573
875,642.912360715907
876,642.922575116718
877,642.955308439648
878,642.982702642553
879,643.030594510056
880,643.04520925079
881,643.066461962332
882,643.07156477728
883,643.078272236019
884,643.078964029359
885,643.129827530253
886,643.133738462686
887,643.167259960868
888,643.170049229509
889,643.172728309996
890,643.18285009707
891,643.192685986716
892,643.209590301318
893,643.211452814138
894,643.213922848624
895,643.221493013409
896,643.284112754116
897,643.290371669271
898,643.306943113248
899,643.310064413934
900,643.311910055988
901,643.314111994866
902,643.33772980718
903,643.354498072131
904,643.36553361347
905,643.37159072078
906,643.38886616665
907,643.416784530413
908,643.427997614143
909,643.434623278075
910,643.449086871629
911,643.450044090504
912,643.465349652988
913,643.466526623961
914,643.499451908215
915,643.511289418959
916,643.544185837966
917,643.561580965688
918,643.564002205188
919,643.579459644863
920,643.589424356692
921,643.612204439862
922,643.649565084165
923,643.67174141032
924,643.722945227725
925,643.758614250138
926,643.760497052039
927,643.772784386481
928,643.822070441062
929,643.824084752309
930,643.836722908455
931,643.847522493964
932,643.8528680016
933,643.900646284287
934,643.900903249641
935,643.940180507145
936,643.969370332798
937,644.0024744447
938,644.070662235063
939,644.087982344335
940,644.179932607085
941,644.20901430613
942,644.259059109136
943,644.269202830794
944,644.275145922451
945,644.336335408103
946,644.345698740658
947,644.345792618305
948,644.375605427894
949,644.37780908303
950,644.383583360876
951,644.404408291853
952,644.45818482305
953,644.460010695345
954,644.460256299793
955,644.466353486481
956,644.48139294516
957,644.493174164159
958,644.509173144128
959,644.544573897086
960,644.562741950807
961,644.566490486466
962,644.569735621233
963,644.576497581973
964,644.582030106155
965,644.598257551617
966,644.599015015239
967,644.652691525729
968,644.669763122115
969,644.733562079506
970,644.764239656694
971,644.789391746266
972,644.808886763784
973,644.82400662413
974,644.824700928778
975,644.83688122471
976,644.886433835225
977,644.910614013171
978,644.945169527265
979,644.974646450049
980,644.987728855806
981,645.015839155836
982,645.03464133565
983,645.062028861689
984,645.133044003024
985,645.154601769273
986,645.174319682882
987,645.196531488848
988,645.198232955574
989,645.227269527518
990,645.231131049191
991,645.242776646676
992,645.2442582646
993,645.310970854541
994,645.333198054595
995,645.384878879668
996,645.40765796404
997,645.411993696534
998,645.463787390223
999,645.485217928549
1000,645.494108807576
1001,645.544132959124
1002,645.558589328803
1003,645.58016552292
1004,645.595824887619
1005,645.616792050298
1006,645.620886849347
1007,645.627161017464
1008,645.650904434185
1009,645.655393877969
1010,645.683541443307
1011,645.697863090179
1012,645.728620854233
1013,645.755120446319
1014,645.75854871542
1015,645.781643807513
1016,645.790335239337
1017,645.813608750249
1018,645.835017474178
1019,645.904988283693
1020,645.916782992589
1021,645.930106365759
1022,645.9509855578
1023,645.97837390801
1024,646.002026688327
1025,646.019126646798
1026,646.022261664531
1027,646.036466830743
1028,646.038137692892
1029,646.101374627712
1030,646.153338910836
1031,646.159178674637
1032,646.162628828457
1033,646.241432579365
1034,646.260620843621
1035,646.261255356947
1036,646.270161731039
1037,646.281618869945
1038,646.313084354487
1039,646.313380003891
1040,646.36902149111
1041,646.383593469678
1042,646.424593836777
1043,646.475652591339
1044,646.483582151297
1045,646.499191692721
1046,646.501871079252
1047,646.507818937193
1048,646.527456803843
1049,646.552968691136
1050,646.594780688011
1051,646.619792993426
1052,646.625376422139
1053,646.687288059199
1054,646.702616442218
1055,646.710453589825
1056,646.724833288845
1057,646.778342648905
1058,646.792707296047
1059,646.793100158977
1060,646.808178421392
1061,646.8306107913
1062,646.843928729752
1063,646.897190504581
1064,646.919560302635
1065,647.001019422833
1066,647.115067762002
1067,647.138547086142
1068,647.145113175961
1069,647.146404147754
1070,647.184644535732
1071,647.215569783346
1072,647.227808784714
1073,647.232431896841
1074,647.284826825394
1075,647.32835358834
1076,647.341860482636
1077,647.344605712486
1078,647.36954916903
1079,647.395766836503
1080,647.430207350961
1081,647.449851830828
1082,647.453333010965
1083,647.456584968581
1084,647.468730027596
1085,647.508451753783
1086,647.509880827274
1087,647.592546594315
1088,647.63755077401
1089,647.645051638038
1090,647.651287519349
1091,647.697361152587
1092,647.703244150336
1093,647.733523674655
1094,647.791347237877
1095,647.81387866869
1096,647.818365507433
1097,647.849271607151
1098,647.85198234208
1099,647.874560025988
1100,647.883777713785
1101,647.901637199601
1102,647.93459507788
1103,648.014183712157
1104,648.062435608655
1105,648.0743950086
1106,648.083364770144
1107,648.164737861802
1108,648.175462826037
1109,648.191931261346
1110,648.218634040453
1111,648.239295119531
1112,648.239980528771
1113,648.268447402475
1114,648.294788477656
1115,648.30712819887
1116,648.312062208181
1117,648.339398003521
1118,648.428350544493
1119,648.450966482463
1120,648.511859676478
1121,648.530716494415
1122,648.531565534055
1123,648.578480875334
1124,648.609530334485
1125,648.642603437336
1126,648.64642131135
1127,648.700692143641
1128,648.775828607275
1129,648.787768878435
1130,648.8445750694
1131,648.858437180111
1132,648.900353798289
1133,648.921255851637
1134,648.933544993913
1135,648.965741804927
1136,648.973239419293
1137,648.986699267492
1138,649.008580567394
1139,649.019024361066
1140,649.148436007617
1141,649.153208658993
1142,649.200275823784
1143,649.202577724431
1144,649.220859102287
1145,649.270248495375
1146,649.308592208075
1147,649.337364787888
1148,649.347701315177
1149,649.403514771074
1150,649.408728076334
1151,649.478765266583
1152,649.482746892908
1153,649.489762166758
1154,649.510394529004
1155,649.516082967943
1156,649.543691035337
1157,649.580565248246
1158,649.58474930168
1159,649.637317889173
1160,649.673970289949
1161,649.680472480971
1162,649.692582892545
1163,649.704669290218
1164,649.745002163798
1165,649.795871948415
1166,649.799711309086
1167,649.810663608292
1168,649.816603668803
1169,649.834896237706
1170,649.844271891429
1171,649.844838632604
1172,649.889516903321
1173,649.915979116357
1174,649.985249631152
1175,650.040104214618
1176,650.058529363627
1177,650.06440986535
1178,650.075020565739
1179,650.087836417257
1180,650.163924649079
1181,650.19730903911
1182,650.218097501818
1183,650.252490185883
1184,650.261240425516
1185,650.290080244923
1186,650.294602270116
1187,650.305092046827
1188,650.350356492158
1189,650.367514491843
1190,650.373098723667
1191,650.392177992343
1192,650.397992992204
1193,650.491521449095
1194,650.514881027531
1195,650.51811472895
1196,650.539498055329
1197,650.639609909364
1198,650.643365817525
1199,650.648620830223
1200,650.709856537793
1201,650.712681366246
1202,650.728454970982
1203,650.822736271579
1204,650.823235565046
1205,650.833311091505
1206,650.851559279041
1207,650.85561708363
1208,650.866609663846
1209,650.8972920187
1210,650.905693565121
1211,650.920187487812
1212,650.933086132337
1213,650.947642954682
1214,650.95270501611
1215,650.954501416671
1216,651.127889523741
1217,651.175985967539
1218,651.1958262706
1219,651.270407038551
1220,651.305698267972
1221,651.358773747145
1222,651.361032691576
1223,651.38446028526
1224,651.468310111132
1225,651.472527258689
1226,651.562609590176
1227,651.642625371949
1228,651.644053100434
1229,651.651170007479
1230,651.687407836796
1231,651.776182958839
1232,651.786945723887
1233,651.793827831474
1234,651.831561583861
1235,651.844067091849
1236,651.873601813506
1237,651.934425888686
1238,651.965611946716
1239,651.98744942282
1240,651.989036098521
1241,652.055138197614
1242,652.106347908784
1243,652.114682790087
1244,652.118168626241
1245,652.134987211038
1246,652.192484631533
1247,652.200214296957
1248,652.293224886486
1249,652.319435903604
1250,652.351483204982
1251,652.395169937585
1252,652.407214319237
1253,652.488398143523
1254,652.531265170608
1255,652.541491833015
1256,652.603801292253
1257,652.604118993737
1258,652.649870944793
1259,652.678379147215
1260,652.698846764239
1261,652.741899989741
1262,652.750360204321
1263,652.760451645313
1264,652.854105170358
1265,652.885606372136
1266,653.01017357928
1267,653.011565918066
1268,653.132721400957
1269,653.233814046481
1270,653.237233368501
1271,653.248425415947
1272,653.279054145589
1273,653.316398928392
1274,653.32469005479
1275,653.387049393248
1276,653.388921645479
1277,653.407430880204
1278,653.411658651854
1279,653.415642563754
1280,653.422981227445
1281,653.430811546023
1282,653.444781645566
1283,653.542769151863
1284,653.54545167242
1285,653.564971491285
1286,653.574331093152
1287,653.728260102819
1288,653.763269507965
1289,653.829218794088
1290,653.849515982054
1291,653.862359379402
1292,653.863949131586
1293,654.020460396315
1294,654.04247191141
1295,654.092278835736
1296,654.113282082182
1297,654.123603693179
1298,654.150245208557
1299,654.193568952883
1300,654.199159682772
1301,654.208145629195
1302,654.214182182044
1303,654.218422493716
1304,654.22093900462
1305,654.223838996763
1306,654.243248313087
1307,654.326013280576
1308,654.418921835043
1309,654.466602648803
1310,654.467721096377
1311,654.51118103747
1312,654.553385768192
1313,654.569795182468
1314,654.639651298352
1315,654.644358215077
1316,654.716898001994
1317,654.718767925091
1318,654.720402563348
1319,654.721114605862
1320,654.723491043372
1321,654.728851496649
1322,654.783712887632
1323,654.796642877864
1324,654.803526139347
1325,654.806657785799
1326,654.822395302712
1327,654.830022768646
1328,654.832151046018
1329,654.982198483772
1330,654.986415126249
1331,655.01338545443
1332,655.104306698957
1333,655.118921995078
1334,655.137662561865
1335,655.147471678154
1336,655.153430524595
1337,655.196424144221
1338,655.217553437394
1339,655.359146819293
1340,655.405833817733
1341,655.419499673669
1342,655.469017942183
1343,655.469644247502
1344,655.47628519994
1345,655.496422506776
1346,655.531932999119
1347,655.599393766806
1348,655.633964506812
1349,655.660983925027
1350,655.671374948072
1351,655.710286470214
1352,655.710775712311
1353,655.77738615303
1354,655.787951940583
1355,655.940816433346
1356,655.958401536835
1357,655.972399604933
1358,655.991346108381
1359,655.997069611079
1360,656.093264624097
1361,656.102341007206
1362,656.111816097591
1363,656.126630871793
1364,656.128279054351
1365,656.192024018223
1366,656.23603698985
1367,656.268469300156
1368,656.293792315951
1369,656.435861193793
1370,656.436642022609
1371,656.444319349376
1372,656.444895639405
1373,656.446223829055
1374,656.449637344608
1375,656.473458212651
1376,656.538646464054
1377,656.581671747017
1378,656.609889220831
1379,656.656291666127
1380,656.695932644021
1381,656.772816606404
1382,656.775583496537
1383,656.90955664086
1384,656.942673472511
1385,657.00585969882
1386,657.044908719128
1387,657.06149570311
1388,657.085472773134
1389,657.130311295912
1390,657.180491729609
1391,657.204770667529
1392,657.226116587559
1393,657.226179809156
1394,657.289789620603
1395,657.325223190966
1396,657.378841997129
1397,657.401372948231
1398,657.403320372174
1399,657.493475852382
1400,657.499458863955
1401,657.530193073562
1402,657.539884880798
1403,657.555462488768
1404,657.575961482202
1405,657.617999301743
1406,657.64393390247
1407,657.706442347182
1408,657.732674419585
1409,657.790208299507
1410,657.902882191842
1411,657.922113482464
1412,657.982282564118
1413,657.984237353162
1414,658.128741201633
1415,658.152706135781
1416,658.158812074543
1417,658.175095650518
1418,658.247853004214
1419,658.287253064023
1420,658.32661916231
1421,658.3326308412
1422,658.347938163035
1423,658.427834146772
1424,658.430193518837
1425,658.444524442561
1426,658.445921341999
1427,658.51425275127
1428,658.602516931279
1429,658.624453638275
1430,658.673171546945
1431,658.699278269049
1432,658.81011777064
1433,658.820104088149
1434,658.837464851286
1435,658.887634526222
1436,658.959934866781
1437,658.98404502907
1438,659.001868916771
1439,659.084739478245
1440,659.103759180537
1441,659.166175659871
1442,659.202712603874
1443,659.202963693124
1444,659.273787774069
1445,659.290757390456
1446,659.310392944149
1447,659.385248734796
1448,659.451494609408
1449,659.51504905895
1450,659.548015851154
1451,659.552331145841
1452,659.58023474466
1453,659.692655724517
1454,659.706845804775
1455,659.706944008725
1456,659.731125995382
1457,659.753649398729
1458,659.835759243416
1459,659.836449732739
1460,659.909683739174
1461,659.91285177443
1462,659.954891324774
1463,660.096748345416
1464,660.128431151803
1465,660.13836244829
1466,660.141481052219
1467,660.156744481379
1468,660.175810962654
1469,660.252769689368
1470,660.270840713059
1471,660.304837575493
1472,660.347410913892
1473,660.424830953265
1474,660.462473426076
1475,660.485343793445
1476,660.504942309279
1477,660.575722351729
1478,660.584228734968
1479,660.616057958988
1480,660.618671679964
1481,660.624298383646
1482,660.678252823245
1483,660.738148476156
1484,660.744439088266
1485,660.753325015992
1486,660.777843690764
1487,660.789112955424
1488,660.800776350491
1489,660.84208223632
1490,660.888787056909
1491,660.889153507149
1492,660.919633001707
1493,660.975881001671
1494,661.016889623969
1495,661.029546349963
1496,661.112416082614
1497,661.180095292179
1498,661.181195695568
1499,661.223966421203
1500,661.274704005604
1501,661.310709681436
1502,661.370580239701
1503,661.389592618855
1504,661.410394440972
1505,661.480970615326
1506,661.563504030022
1507,661.567640974569
1508,661.632875792694
1509,661.732123963062
1510,661.735658474414
1511,661.751687049637
1512,661.910118100476
1513,662.023988700256
1514,662.120102474774
1515,662.149816564024
1516,662.21837233484
1517,662.237791774837
1518,662.318532113022
1519,662.319469646849
1520,662.344955425607
1521,662.370668459659
1522,662.383995900839
1523,662.391637521991
1524,662.406209684042
1525,662.446963905878
1526,662.483433145948
1527,662.484017775945
1528,662.511392448467
1529,662.516349410137
1530,662.531753964499
1531,662.533740819214
1532,662.623655191202
1533,662.666573918246
1534,662.684063704348
1535,662.788938845144
1536,662.816189391265
1537,662.85933239107
1538,662.87892626135
1539,662.88004853787
1540,663.008674169093
1541,663.089185596224
1542,663.122701243727
1543,663.329370163478
1544,663.344397267726
1545,663.425706911164
1546,663.542697697251
1547,663.650108244844
1548,663.688690410275
1549,663.73819652173
1550,663.790596222094
1551,663.87533755929
1552,663.881177601028
1553,663.968503682975
1554,663.982231346755
1555,664.00016589348
1556,664.031440681338
1557,664.040937557193
1558,664.08594885663
1559,664.14382602467
1560,664.15569151855
1561,664.290604848172
1562,664.365040490682
1563,664.367815054032
1564,664.473383813146
1565,664.578635963299
1566,664.619911036406
1567,664.623720852989
1568,664.669381426972
1569,664.770120232572
1570,664.780204623929
1571,664.830273918173
1572,664.960039538387
1573,664.96072333872
1574,664.963186044952
1575,664.976341859903
1576,664.98185803102
1577,665.021098636721
1578,665.035124788476
1579,665.179779694599
1580,665.253849048947
1581,665.349011369193
1582,665.377293194311
1583,665.397684697158
1584,665.46922541559
1585,665.521850951473
1586,665.541772231901
1587,665.621803277803
1588,665.737033002807
1589,665.76738122094
1590,665.922300956824
1591,665.955742835151
1592,665.997837422425
1593,666.13567979513
1594,666.25806905804
1595,666.319222357921
1596,666.341771036466
1597,666.369684007066
1598,666.394677093264
1599,666.498752029742
1600,666.503521492538
1601,666.55030199063
1602,666.553426292276
1603,666.666446201854
1604,666.698943664726
1605,666.778659011388
1606,666.786027785767
1607,666.826705107306
1608,666.833061628615
1609,666.833936727687
1610,666.898678850044
1611,666.905042220016
1612,667.040241102826
1613,667.060377122095
1614,667.067391688715
1615,667.141509154478
1616,667.150687711829
1617,667.218886563526
1618,667.511046449595
1619,667.52983892834
1620,667.539489553166
1621,667.647834464753
1622,667.699138812388
1623,667.791849347667
1624,667.809026575918
1625,667.83760941899
1626,667.868318352839
1627,667.951336700535
1628,668.018942403714
1629,668.064684227717
1630,668.209701364419
1631,668.359009237287
1632,668.377884628127
1633,668.40405650347
1634,668.517940564112
1635,668.533023339275
1636,668.54804316527
1637,668.680890211236
1638,668.743834665154
1639,668.779249923564
1640,668.903548597016
1641,668.919321962145
1642,669.098825005595
1643,669.099996578722
1644,669.162944100523
1645,669.224650338555
1646,669.260696444852
1647,669.364750784562
1648,669.431282846437
1649,669.540654391565
1650,669.61507477374
1651,669.665424083441
1652,669.714399471862
1653,669.725744614838
1654,669.778648709391
1655,669.803247782724
1656,669.850666599066
1657,669.869147328813
1658,669.87112129628
1659,670.041022848958
1660,670.131342077087
1661,670.135905366727
1662,670.210946882743
1663,670.401430714302
1664,670.457894556732
1665,670.554325707996
1666,670.668054168657
1667,670.713150711936
1668,670.741662344609
1669,670.821816120637
1670,670.863691766654
1671,670.884747297491
1672,671.027320336837
1673,671.03719497391
1674,671.042235826498
1675,671.121149482544
1676,671.244806370583
1677,671.294950252127
1678,671.323055017212
1679,671.346320015576
1680,671.383698503482
1681,671.432230229189
1682,671.481892729747
1683,671.539894865447
1684,671.584448944676
1685,671.635878728405
1686,671.640020462974
1687,671.687062421133
1688,671.700743905779
1689,671.830405746783
1690,672.001805013089
1691,672.195172634677
1692,672.26194996266
1693,672.419339602624
1694,672.456443552021
1695,672.558466253009
1696,672.780501957517
1697,672.90747189971
1698,672.90934474661
1699,672.938543800771
1700,672.938728697209
1701,672.964242501972
1702,672.999610897746
1703,673.11963034519
1704,673.232244981319
1705,673.242895105372
1706,673.70012127237
1707,673.709087387772
1708,673.806071443335
1709,673.852631602343
1710,673.877734514832
1711,673.902297238461
1712,673.970910871265
1713,673.973033848999
1714,674.018530641923
1715,674.024461711123
1716,674.03639565918
1717,674.067986105986
1718,674.227161432336
1719,674.252200859761
1720,674.395270152168
1721,674.436848575
1722,674.647469615365
1723,674.674266461082
1724,674.7360693163
1725,674.846230953916
1726,674.857286661385
1727,674.875107099602
1728,675.013987442122
1729,675.126877818292
1730,675.22425688055
1731,675.301803001689
1732,675.489961603498
1733,675.526713145338
1734,675.531733122412
1735,675.552006440523
1736,675.575369576967
1737,675.576846342522
1738,675.58535838213
1739,675.593649264211
1740,675.659914577988
1741,675.661237076954
1742,675.821119226842
1743,675.895626827999
1744,676.073714994061
1745,676.13342993267
1746,676.230265992045
1747,676.335377620849
1748,676.449817907892
1749,676.455880101124
1750,676.474053409144
1751,676.548913916593
1752,676.554776614234
1753,676.853338660976
1754,676.886028546542
1755,676.913917862043
1756,676.965329704188
1757,677.066886821221
1758,677.075200849715
1759,677.111716684835
1760,677.142285883803
1761,677.222851635393
1762,677.40087123859
1763,677.606330031642
1764,677.633477682254
1765,677.658636088565
1766,677.743842795515
1767,677.765766587276
1768,677.817786054968
1769,677.977213119724
1770,678.01337637308
1771,678.033676624784
1772,678.162071479346
1773,678.250330916853
1774,678.306213454106
1775,678.33795802783
1776,678.405233458854
1777,678.55164068902
1778,678.666296630763
1779,678.668624575233
1780,678.71726647447
1781,678.781126822917
1782,678.8022169111
1783,678.916011940366
1784,678.95240751698
1785,679.084105181763
1786,679.230526074579
1787,679.306080976151
1788,679.309917442211
1789,679.320172586241
1790,679.38238331683
1791,679.434140118172
1792,679.443910732246
1793,679.501507054281
1794,679.734346480069
1795,679.917695389263
1796,679.995509428024
1797,680.053631561116
1798,680.258458712086
1799,680.258493008758
1800,680.423396776292
1801,680.433283613599
1802,680.448457098453
1803,680.541943064547
1804,680.54576282552
1805,680.625396904816
1806,680.777669176527
1807,680.856195458447
1808,680.950271144038
1809,680.955351759626
1810,681.015741234894
1811,681.113399295287
1812,681.150733359145
1813,681.174196994758
1814,681.187537062411
1815,681.599723392024
1816,681.778730488261
1817,681.801171037403
1818,681.830291498445
1819,681.96818203718
1820,682.005291410544
1821,682.021416576136
1822,682.048909992782
1823,682.086552344911
1824,682.116501664599
1825,682.158489726699
1826,682.266150857548
1827,682.273555408485
1828,682.287011625653
1829,682.38650577815
1830,682.500590466772
1831,682.515610795272
1832,682.584014798921
1833,682.633272853961
1834,682.869418553702
1835,682.884365262853
1836,682.921724620662
1837,683.072634148978
1838,683.118086497404
1839,683.52491418357
1840,683.693684148113
1841,683.704297757315
1842,683.748396031554
1843,683.749460542142
1844,683.829651268458
1845,684.017059505719
1846,684.053414680653
1847,684.367661627907
1848,684.40357706707
1849,684.760079474846
1850,684.827434698732
1851,684.942998248424
1852,685.000150027284
1853,685.025636239677
1854,685.117833586757
1855,685.136952389042
1856,685.160420611478
1857,685.282581122086
1858,685.308794421559
1859,685.31653980319
1860,685.379497727982
1861,685.397782562597
1862,685.433366626448
1863,685.593074338835
1864,685.650136016452
1865,685.689206168714
1866,685.867712794702
1867,685.97980451827
1868,686.047254783883
1869,686.054860919921
1870,686.191596610192
1871,686.285761433687
1872,686.405784648395
1873,686.521420981676
1874,686.623056011309
1875,686.784184010102
1876,686.834719141062
1877,686.994742081878
1878,687.132905456255
1879,687.248382692662
1880,687.284343614165
1881,687.378573982713
1882,687.47756754549
1883,687.491130461556
1884,687.501043455996
1885,687.586396663833
1886,687.689425388791
1887,687.69568414341
1888,687.763133368135
1889,687.773659950802
1890,687.841825247771
1891,687.936228037856
1892,687.981462203283
1893,688.100090174687
1894,688.119722295194
1895,688.158208157695
1896,688.166024928505
1897,688.322970918457
1898,688.420789294071
1899,688.421780335025
1900,688.442596368948
1901,688.478224874788
1902,688.644031964572
1903,688.71036097005
1904,688.755764776728
1905,688.762122287816
1906,689.142478385894
1907,689.177301072062
1908,689.202608546012
1909,689.225896611266
1910,689.306645016256
1911,689.332836334622
1912,689.511289233831
1913,689.876687361053
1914,689.925338916098
1915,689.95720146768
1916,690.009329351895
1917,690.028560829274
1918,690.171571459865
1919,690.186038791691
1920,690.590947201944
1921,690.651080036896
1922,690.665653229406
1923,690.907554691383
1924,690.923918378649
1925,690.95314769084
1926,691.155598223313
1927,691.177729075552
1928,691.315294968286
1929,691.385399816382
1930,691.489924974879
1931,691.544162287115
1932,691.675038954585
1933,691.713502201171
1934,691.746946100644
1935,691.846134470291
1936,691.914776452891
1937,692.073401020449
1938,692.074350075602
1939,692.207592859053
1940,692.30951459514
1941,692.568963162994
1942,692.576011289456
1943,692.974362023189
1944,693.137987133279
1945,693.169181535455
1946,693.172299805538
1947,693.419183095901
1948,693.466995533832
1949,693.603367992183
1950,693.680576429855
1951,693.765412444807
1952,693.868362269698
1953,693.882320940109
1954,693.890687120121
1955,693.891586211621
1956,693.983602358152
1957,694.063560351948
1958,694.160673735796
1959,694.182381237447
1960,694.197277709723
1961,694.19780893595
1962,694.23975325888
1963,694.329478922149
1964,694.527338042073
1965,694.609326308733
1966,694.689404850161
1967,694.714621566385
1968,694.945785090079
1969,695.06387799098
1970,695.194718884066
1971,695.533569057451
1972,695.587304622664
1973,695.664902769895
1974,695.749938443026
1975,695.774582212678
1976,695.775738360532
1977,695.829812450897
1978,696.078724631021
1979,696.079227004545
1980,696.16813766083
1981,696.25167842469
1982,696.316525178586
1983,696.362187044287
1984,696.545168853928
1985,696.549063944295
1986,696.812037061966
1987,696.912451260232
1988,697.100611529582
1989,697.311406421704
1990,697.401898083535
1991,697.538059839297
1992,697.811611348487
1993,697.848098343372
1994,697.886657819531
1995,697.90720687045
1996,697.943550628345
1997,698.051893004512
1998,698.081005455521
1999,698.086378439182
2000,698.094408377207
2001,698.178645698953
2002,698.223085544104
2003,698.300209883367
2004,698.312641886368
2005,698.476774346716
2006,698.499442507546
2007,698.527803002481
2008,698.701340779351
2009,698.776108630959
2010,698.995798336089
2011,699.335438649328
2012,699.662695537607
2013,699.666784317772
2014,699.74656841085
2015,699.751419597988
2016,699.867273172681
2017,699.884478900822
2018,699.906924266479
2019,700.015224769366
2020,700.158609617757
2021,700.247823992824
2022,700.433996667638
2023,700.445728251951
2024,700.453723481023
2025,700.531102146849
2026,700.824179335751
2027,700.907314380055
2028,701.096373715781
2029,701.171710647742
2030,701.187628693747
2031,701.195635214994
2032,701.385637581705
2033,701.456213271321
2034,701.46193792545
2035,701.499317569774
2036,701.595547669923
2037,702.180527689803
2038,702.218304713092
2039,702.285500252709
2040,702.442494541141
2041,702.603375505524
2042,702.759038740487
2043,703.019001842274
2044,703.137740933666
2045,703.158960312717
2046,703.178279953733
2047,703.343320722218
2048,703.454039156819
2049,703.833637979904
2050,704.244564611368
2051,704.338364503077
2052,704.619153600308
2053,704.723018979736
2054,704.952062956307
2055,704.970593272591
2056,705.336954848448
2057,705.493918556276
2058,705.661283928012
2059,705.836862813022
2060,705.940131465217
2061,706.02901118412
2062,706.446405003798
2063,706.600418683975
2064,706.721988237393
2065,706.817835069587
2066,706.818680963476
2067,707.380441322854
2068,707.452454229199
2069,707.507290177047
2070,707.517629932309
2071,707.600325591582
2072,707.836079888984
2073,708.018163392778
2074,708.155704006967
2075,708.215127655122
2076,708.323731218457
2077,708.35675575475
2078,708.431948994069
2079,708.573889106397
2080,708.702241243863
2081,708.861079644664
2082,708.872715326735
2083,708.933578764029
2084,708.933917845484
2085,709.067220157241
2086,709.075939923995
2087,709.117337809187
2088,709.216774440654
2089,709.919690395177
2090,710.063113904696
2091,710.262144518547
2092,710.80855057543
2093,710.841539778804
2094,711.044615431666
2095,711.056744314335
2096,711.255168051112
2097,711.298353666991
2098,711.307247418238
2099,711.380392186188
2100,711.773123151569
2101,711.857562470473
2102,711.906639579017
2103,711.958077540641
2104,712.157214676278
2105,712.26874783806
2106,712.397497572436
2107,712.695232169306
2108,712.733085640104
2109,713.100950622839
2110,713.132928349044
2111,713.137103198395
2112,713.542297899483
2113,713.568679432792
2114,713.726941584425
2115,713.806771082948
2116,713.849532020348
2117,713.86023649837
2118,713.931000362544
2119,713.955248472194
2120,714.094060879586
2121,714.471552618734
2122,714.547415096929
2123,714.579659153002
2124,714.622664816321
2125,714.753900269396
2126,715.028430424423
2127,715.159473712803
2128,715.218175438151
2129,715.225305717427
2130,715.682934303755
2131,715.739678630895
2132,715.756780797439
2133,715.897650820102
2134,715.900155769495
2135,715.941279993572
2136,716.294218273859
2137,716.425978584438
2138,716.824920703544
2139,717.019124950774
2140,717.199534360117
2141,717.494442900443
2142,717.599146646664
2143,718.587915189342
2144,718.63748123624
2145,718.982386373376
2146,718.98499682074
2147,719.010476196381
2148,719.027637521375
2149,719.379553261951
2150,719.503637512235
2151,720.090386403109
2152,720.118771085174
2153,720.230847723058
2154,720.714609808439
2155,720.87718049456
2156,721.368523166518
2157,721.71337352219
2158,721.781712748873
2159,721.818514843807
2160,721.837547448723
2161,721.990685965396
2162,722.057198091447
2163,722.179411677835
2164,722.885108586019
2165,723.160557680425
2166,723.225736397485
2167,723.330192179634
2168,723.421833122365
2169,724.033706867629
2170,724.051192779684
2171,724.255378848327
2172,724.371643835109
2173,724.569333337011
2174,724.723578545119
2175,724.83453379422
2176,725.070249371199
2177,725.109239476486
2178,725.433317296642
2179,725.621544712289
2180,725.760947475852
2181,725.846149443095
2182,725.884731447722
2183,726.104614951205
2184,726.123293139106
2185,726.175066973366
2186,726.340044855268
2187,726.877697723748
2188,726.898606261326
2189,727.466125574317
2190,727.852616835896
2191,727.957543076744
2192,728.096581184409
2193,728.097638031161
2194,728.731994541847
2195,728.818174087012
2196,728.962937086257
2197,729.2445785868
2198,729.461718498191
2199,729.584347321811
2200,729.609337259535
2201,729.955027693736
2202,730.420454762541
2203,730.553132993404
2204,730.968681541614
2205,731.243854937164
2206,731.619976238833
2207,731.877832316802
2208,732.231856261568
2209,732.760898214124
2210,732.863655399359
2211,732.897910898875
2212,733.331380068028
2213,733.356096011919
2214,733.407816426612
2215,733.78252031858
2216,734.734899786719
2217,734.96133950221
2218,735.168616833255
2219,735.192323904314
2220,735.210947179062
2221,735.587196019417
2222,735.778088005554
2223,735.840812941745
2224,735.928192215435
2225,736.165784486845
2226,736.251793662112
2227,736.451792003682
2228,736.52284713268
2229,736.593198630372
2230,736.651787842297
2231,736.70116602255
2232,736.715520314455
2233,737.940468792337
2234,738.015551414315
2235,738.045184538619
2236,738.144101469796
2237,738.168230598554
2238,738.411143593234
2239,738.563866444516
2240,738.602566034129
2241,739.00770970647
2242,739.406334929593
2243,740.51143051511
2244,740.538012726718
2245,740.768695047265
2246,742.189587961148
2247,742.321805822862
2248,742.426864354179
2249,743.349617612365
2250,743.368715582402
2251,743.380421022366
2252,743.872777528414
2253,745.196312576107
2254,745.493726933228
2255,745.519301372667
2256,745.818509560649
2257,746.650072985807
2258,747.26256602873
2259,747.419381731372
2260,747.743012808294
2261,747.863347294032
2262,747.903793171662
2263,748.39122192858
2264,748.679978212147
2265,748.75252688713
2266,748.830611084353
2267,749.132466813845
2268,749.241647631039
2269,749.778073804582
2270,750.291503240398
2271,751.023736091331
2272,751.352932029204
2273,751.678029917503
2274,751.795634756355
2275,751.981441370957
2276,752.608649571387
2277,753.174090825454
2278,753.192001182342
2279,753.263152407771
2280,753.870440121464
2281,757.391625081425
2282,758.399655752233
2283,760.722874488425
2284,762.902570731378
2285,763.045075106358
2286,763.714110182376
2287,763.87716842435
2288,763.948158919081
2289,764.993824784409
2290,766.07524711735
2291,766.643349234122
2292,768.755696569459
2293,768.850703162912
2294,769.167810044017
2295,770.24518912777
2296,771.329035587753
2297,772.854841633264
2298,773.083770482796
2299,773.471478867008
2300,775.130553745209
2301,776.09621440411
2302,776.266466822142
2303,777.857858015272
2304,779.348433557006
2305,781.141240830261
2306,781.256326866918
2307,781.274677425161
2308,782.151952469568
2309,784.508147469424
2310,785.581913966317
2311,790.673164590049
2312,791.005845160373
2313,793.095423880989
2314,793.192333891539
2315,795.241018107166
2316,798.203006774093
2317,802.410116633026
2318,802.646816708767
2319,807.917031247859
2320,812.717538489828
2321,815.940002874646
2322,828.943884647792
2323,838.765666523715
2324,838.854426890696
2325,846.983201839842
2326,857.358091618439
2327,866.229063238066
2328,869.30849422701
2329,884.923097183154
2330,895.136895069115
2331,899.004939908905
2332,904.095925732615
2333,904.290133620069
2334,912.487283308806
2335,918.599731020319
2336,919.260784085908
2337,920.089560160511
2338,920.516848402587
2339,920.540240436581
2340,922.005542792062
2341,926.355380315607
2342,927.133315113201
2343,953.610182279565
2344,974.799014306154
2345,977.007678372881
2346,988.888793190923
2347,1011.63476724619
2348,1016.644553393
2349,1026.05934403937
2350,1071.40245391179
2351,1098.95741293403
2352,1101.47880709481
2353,1115.76056052024
2354,1122.18436667527
2355,1148.17023560557
2356,1151.54492318532
2357,1182.83294114508
2358,1199.69284474732
2359,1207.16490044908
2360,1233.24841070809
2361,1289.95313530678
2362,1307.50378999676
2363,1342.87865602188
2364,1343.23702581531
2365,1345.63055712063
2366,1352.00439479039
2367,1354.36483693029
2368,1355.2195028153
2369,1355.23994162629
2370,1355.85517739121
2371,1358.25251580973
2372,1359.14578982365
2373,1361.73814225823
2374,1366.07395864126
2375,1370.28468670043
2376,1374.26671946271
2377,1376.96069692039
2378,1377.20208511333
2379,1378.3964067975
2380,1379.21373276252
2381,1380.90649717822
2382,1382.12492017804
2383,1382.139016437
2384,1382.85285896174
2385,1386.31594986067
2386,1388.20083914414
2387,1388.98631489181
2388,1389.52341483475
2389,1390.90352966789
2390,1391.06160848675
2391,1391.69734944884
2392,1392.68322022898
2393,1392.85957462039
2394,1399.91924388957
2395,1399.96283226386
2396,1400.01790245801
2397,1400.04627204045
2398,1401.05508869893
2399,1404.33215664474
2400,1404.71731545417
2401,1408.31737067896
2402,1409.78820886707
2403,1411.05725920636
2404,1411.28674569466
2405,1413.18832778143
2406,1414.89615751353
2407,1415.33524995854
2408,1416.1572322912
2409,1417.33906500231
2410,1418.32828521372
2411,1420.07448376286
2412,1422.32840473459
2413,1423.24973815148
2414,1425.38380681457
2415,1428.24948913932
2416,1429.57545205096
2417,1430.81585981698
2418,1436.71018094182
2419,1437.92671764018
2420,1441.94439430575
2421,1442.18261809739
2422,1443.36377278176
2423,1444.76661635255
2424,1469.5184747847
